{
  "model_type": "resnet50",
  "training_history": {
    "train_loss": [
      0.47040291130542755,
      0.25455632945522666,
      0.02870412962511182,
      0.00648319922038354,
      0.003269058433943428,
      0.0011360820208210498,
      0.0031409828225150704,
      0.0002529335906729102,
      6.827109973528422e-05,
      0.0007868028478696942,
      0.00045663522905670106,
      0.00017692399705993012,
      0.00012964622874278575,
      0.0009137333108810708,
      0.00044608963071368635,
      0.0012584803407662548,
      3.9087501136236824e-05
    ],
    "train_acc": [
      68.51851851851852,
      85.18518518518519,
      100.0,
      100.0,
      100.0,
      100.0,
      100.0,
      100.0,
      100.0,
      100.0,
      100.0,
      100.0,
      100.0,
      100.0,
      100.0,
      100.0,
      100.0
    ],
    "val_loss": [
      0.3021200895309448,
      4.316532135009766,
      18.30208969116211,
      17.943124771118164,
      6.586133003234863,
      0.5564842224121094,
      0.003953509032726288,
      0.00043509271927177906,
      0.00013493829465005547,
      0.0002237748703919351,
      0.00040992285357788205,
      0.00036567638744600117,
      0.00021718065545428544,
      0.00014246012142393738,
      0.00011154089588671923,
      4.7679444833192974e-05,
      2.041384686890524e-05
    ],
    "val_acc": [
      87.5,
      50.0,
      50.0,
      50.0,
      50.0,
      75.0,
      100.0,
      100.0,
      100.0,
      100.0,
      100.0,
      100.0,
      100.0,
      100.0,
      100.0,
      100.0,
      100.0
    ]
  },
  "test_metrics": {
    "accuracy": 1.0,
    "precision": 1.0,
    "recall": 1.0,
    "f1_score": 1.0,
    "roc_auc": 1.0,
    "confusion_matrix": [
      [
        6,
        0
      ],
      [
        0,
        10
      ]
    ]
  },
  "training_date": "2026-05-12T13:26:29.774524"
}